GeForce GTX 1050 Ti,511,475,410,381,342,474,496,502,461,475,3390,3390,557,692,542,623,540,559,572,562,544,522,535,525,525,514,510,520,518,476,460,473,500,496,498,488,490,481,466,481,483,444,466,481,483,498,507,507,480,480,490,464,488,482,464,490,475,473,500,427,470,463,461,481,455,369,446,490,490,458,401,418,432,483,492,489,475,476,406,409,406,417,432,446,437,461,479,488,498,510,520,518,529,529,540,568,548,581,597,548,3390,3390,3390,3390,3390,560,565,565,565,566,566,534,522,534,534,545,557,534,504,463,432,418,423,425,452,480,505,501,490,479,464,477,3390,3390,3390,561,580,582,584,561,547,526,556,547,547,557,568,563,535,525,569,565,575,550,555,521,539,475,484,491,491,500,482,482,492,511,511,507,507,470,466,505,535,568,556,554,550,539,553,553,552,549,560,550,538,500,402,519,379,455,525,537,555,532,516,494,507,474,467,513,477,505,320,402,355,229,284,372,492,566,595,591,613,541,562,554,561,537,595,498,604,586,563,450,392,285,404,370,320,381,448,483,396,444,485,547,537,472,560,548,597,624,619,619,607,479,552,635,600,588,588,571,571,579,590,566,548,551,582,597,655,623,530,606,582,630,568,581,581,597,647,647,648,646,631,661,661,678,692,655,662,682,685,685,668,687,723,561,690,721,758,748,639,723,676,626,666,3390
GeForce GTX 1060 6GB,237,220,267,286,269,360,359,317,271,274,3390,3390,307,330,306,310,309,313,311,315,303,304,310,313,313,312,308,313,320,305,303,299,299,299,300,300,300,300,304,303,305,303,303,306,306,307,309,302,300,301,328,300,331,304,338,324,321,316,317,324,331,331,323,320,331,333,339,336,336,336,333,338,349,340,346,339,357,342,341,350,353,360,352,363,365,371,374,364,369,368,365,362,366,361,347,349,341,349,348,359,3390,3390,3390,3390,3390,348,354,363,354,354,361,346,350,343,342,344,347,350,350,349,348,351,348,352,345,330,321,325,318,325,324,324,3390,3390,856,295,296,299,296,297,295,297,299,300,300,300,304,303,301,310,310,309,311,317,321,332,322,316,316,316,316,309,307,306,308,311,311,310,305,300,300,295,3390,298,291,295,296,295,300,300,308,309,3390,291,3390,3390,314,315,302,301,315,318,322,316,323,323,317,325,328,328,329,345,291,342,319,205,256,336,349,364,378,362,355,350,349,348,343,340,346,349,350,339,335,339,344,281,354,357,319,363,353,352,355,357,356,359,360,358,364,368,379,381,375,376,368,365,367,356,358,337,319,313,310,313,317,322,335,337,340,335,360,355,347,343,355,345,345,331,329,328,336,328,314,330,334,341,342,335,323,304,300,298,294,300,297,302,312,315,308,314,325,327,293,281,266,264,258,3390
GeForce GTX 1070,3390,3390,284,307,270,366,377,344,242,286,3390,3390,369,403,336,340,332,337,338,335,325,337,342,339,335,329,325,329,335,316,329,327,339,340,335,339,333,332,329,322,327,329,319,331,330,327,318,307,302,319,326,311,339,308,323,337,330,336,337,320,349,358,343,339,320,304,329,309,318,334,338,350,355,330,347,360,344,328,262,262,253,279,280,289,296,315,323,328,330,337,337,333,343,349,348,363,369,366,368,375,3390,3390,3390,3390,3390,354,349,342,340,355,362,356,361,356,353,360,363,367,361,359,339,341,352,351,362,344,339,346,350,344,340,346,3390,3390,3390,347,344,346,336,333,316,310,315,315,322,324,326,335,338,335,335,331,326,335,319,328,329,326,326,326,326,328,324,324,326,329,329,329,324,320,318,316,314,316,307,308,308,309,308,310,333,332,319,329,319,326,319,320,322,330,326,322,329,331,324,321,322,326,331,340,337,355,268,330,293,190,231,301,375,384,389,391,398,360,364,371,377,361,400,346,423,413,394,326,289,215,299,283,244,276,324,358,302,339,347,347,371,355,357,371,396,400,399,392,395,363,374,370,361,362,361,336,330,349,341,356,358,372,377,383,410,405,384,402,410,402,403,396,395,394,404,397,369,378,381,399,403,396,381,365,354,349,351,355,355,371,382,351,372,392,394,399,370,344,320,314,307,3390
GeForce GTX 1070 Ti,294,289,314,345,320,407,442,376,253,308,3390,3390,395,418,356,361,356,366,366,361,355,357,358,358,354,348,350,352,355,331,346,346,355,327,325,321,356,346,347,348,361,363,365,370,372,370,374,310,346,359,370,352,378,364,378,378,374,365,371,334,382,375,373,377,369,308,369,376,380,371,331,343,359,361,370,374,363,380,307,312,313,314,311,327,336,357,370,370,376,381,381,387,394,392,395,400,388,388,398,398,3390,3390,3390,3390,3390,398,383,383,382,383,386,391,396,390,387,390,393,395,394,347,329,333,334,334,358,367,361,365,361,359,387,387,3390,3390,3390,374,377,369,373,370,373,379,383,381,383,383,386,387,386,379,391,390,392,388,387,388,388,354,354,360,360,366,354,356,362,373,371,371,369,349,357,361,364,361,355,357,357,355,354,354,367,370,363,376,366,379,375,375,361,374,372,368,379,378,368,362,370,341,345,357,352,372,320,372,356,233,280,369,392,411,429,435,432,374,373,374,378,365,402,347,422,413,402,346,305,230,315,299,263,306,358,372,315,351,371,410,422,375,428,425,453,452,449,450,440,391,438,437,431,426,420,417,418,427,429,438,432,432,445,449,460,453,411,441,447,441,435,420,422,424,441,439,426,427,435,440,456,441,423,394,377,379,381,389,387,392,405,382,396,405,413,420,375,353,333,317,323,3390
GeForce GTX 1080,282,271,295,340,282,422,441,365,237,311,3390,3390,406,410,392,420,390,409,431,393,380,402,400,401,400,392,392,404,406,380,384,361,373,365,373,370,366,366,355,349,358,354,359,367,362,368,378,366,363,358,387,350,382,358,365,386,351,354,365,318,387,368,376,377,340,282,326,346,349,348,290,307,329,354,332,336,329,342,281,279,306,308,311,322,347,354,349,367,371,380,395,390,390,367,367,394,388,376,373,380,3390,3390,3390,3390,3390,388,387,379,396,379,384,382,377,370,372,373,394,398,376,344,327,318,343,326,359,370,379,382,391,391,407,414,3390,3390,3390,390,392,383,388,387,383,385,398,383,374,370,369,359,347,358,385,390,383,379,376,360,355,317,324,327,329,325,327,328,336,349,344,342,343,321,328,348,341,360,350,358,359,343,352,354,344,350,345,371,353,377,358,364,339,362,357,365,367,382,354,340,347,319,315,340,316,335,346,354,374,293,348,394,367,395,407,395,398,358,365,369,384,361,401,340,424,417,408,311,265,205,282,262,239,271,314,332,286,324,346,394,397,352,398,393,419,432,441,429,427,340,366,414,392,391,382,374,368,384,387,392,378,374,397,403,425,416,351,406,396,410,373,384,377,378,389,387,368,380,374,371,373,366,352,333,330,315,324,322,330,330,344,339,338,342,352,365,326,319,294,307,282,3390
GeForce GTX 1080 Ti,275,282,327,314,3390,380,383,376,237,291,3390,3390,401,423,395,400,419,390,398,391,389,385,388,389,378,371,380,382,387,362,354,352,366,358,346,346,337,329,323,324,332,320,338,341,342,337,347,340,330,330,343,322,350,340,325,332,311,314,329,286,327,320,339,353,324,280,338,325,343,355,290,303,312,349,319,335,329,339,289,289,293,300,292,302,309,328,339,346,357,358,361,359,369,365,364,375,373,384,376,390,3390,3390,3390,3390,3390,400,395,391,386,409,409,406,408,407,404,395,402,385,366,327,298,290,309,295,316,324,345,353,349,345,347,354,3390,3390,3390,324,343,332,336,339,339,327,332,333,341,341,332,322,314,312,350,345,344,338,339,319,326,289,289,294,296,301,298,298,303,313,309,309,310,293,299,314,323,332,343,344,345,316,331,325,345,354,351,355,343,344,330,334,322,342,328,330,336,336,316,310,314,290,292,316,294,311,322,327,342,246,297,382,355,389,404,372,370,329,329,342,342,334,352,302,372,377,363,299,263,198,273,249,219,245,295,301,257,287,308,342,352,315,364,356,384,416,421,414,406,326,372,385,376,372,372,349,364,373,376,370,351,358,370,398,429,400,347,434,375,440,370,398,372,399,416,414,397,411,420,429,427,421,389,375,369,355,357,366,368,372,387,330,376,388,400,402,359,335,318,320,312,3390
GeForce GTX 1660,307,311,347,366,352,438,449,402,289,344,3390,3390,462,462,447,457,450,453,446,438,425,427,437,437,433,427,426,430,436,412,414,398,399,3390,3390,386,381,375,369,376,380,385,387,393,387,385,394,381,383,378,394,377,404,398,384,395,372,374,398,346,399,405,385,431,381,323,384,418,425,413,343,353,368,403,388,382,376,404,390,397,405,411,411,419,441,465,482,477,485,481,470,468,479,464,454,447,435,432,436,453,3390,3390,3390,3390,3390,442,452,457,440,450,463,461,463,454,452,455,465,446,429,387,386,376,388,384,392,397,433,425,433,430,428,435,3390,3390,3390,433,447,438,438,444,440,437,448,437,440,440,437,423,403,405,436,438,444,434,435,408,425,376,376,380,384,389,380,382,387,399,395,394,397,380,386,409,415,426,431,426,427,399,416,400,427,424,431,426,434,439,422,435,430,434,418,417,422,424,405,396,402,369,373,416,381,401,357,433,396,262,315,419,473,485,499,480,473,482,484,462,469,465,476,476,486,470,460,360,317,241,331,301,269,306,365,382,323,362,385,429,444,395,454,442,477,515,521,508,494,405,459,486,485,465,453,458,456,457,459,470,456,454,464,479,497,488,435,482,464,481,467,454,450,456,467,476,452,448,454,466,455,443,420,403,409,404,408,410,419,420,432,435,420,434,440,445,405,378,360,355,351,3390
GeForce GTX 1660 Super,257,253,290,324,310,401,375,348,325,293,3390,3390,386,387,371,376,360,363,377,375,348,353,369,359,355,348,346,350,356,356,343,351,365,347,370,359,365,350,341,352,354,343,347,347,347,345,349,341,339,339,356,341,358,345,357,359,357,360,352,356,362,365,356,354,347,358,364,360,362,360,358,358,360,387,390,384,380,371,376,375,375,380,375,384,399,388,393,382,382,380,375,377,379,372,362,361,353,361,363,368,3390,3390,3390,3390,3390,365,374,376,374,377,382,374,375,369,367,371,374,375,380,386,384,378,381,377,379,355,356,359,354,357,358,358,3390,3390,3390,348,349,357,355,354,352,352,345,350,345,344,346,351,354,357,355,363,365,370,364,367,363,364,364,360,364,365,362,361,366,367,370,366,358,350,350,349,346,345,341,340,340,338,341,345,349,347,343,338,346,352,342,343,343,341,345,340,344,355,355,359,354,360,364,362,361,373,366,368,377,291,349,388,386,393,404,402,391,387,389,380,386,378,389,388,387,381,376,380,374,276,375,344,300,351,382,386,372,389,384,383,391,391,399,401,415,415,409,404,399,400,396,395,392,374,364,365,363,366,365,371,374,378,381,379,396,389,384,376,389,377,380,361,350,353,362,365,352,352,357,364,361,349,334,319,322,315,319,328,322,327,337,341,330,340,346,349,315,299,282,281,276,3390
GeForce GTX 1660 Ti,294,301,340,361,326,418,400,344,351,360,3390,3390,463,461,408,413,423,425,417,415,406,411,416,416,413,406,403,408,414,403,380,388,388,3390,3390,379,377,381,392,391,390,389,392,395,393,391,396,386,379,379,386,383,391,395,410,412,419,420,420,402,476,474,478,475,472,420,482,478,480,480,451,468,479,477,486,458,3390,3390,3390,3390,3390,3390,433,440,446,458,3390,434,436,428,3390,458,3390,3390,3390,3390,3390,3390,3390,453,3390,3390,3390,3390,3390,436,443,3390,3390,3390,3390,3390,3390,3390,3390,3390,3390,3390,3390,3390,3390,3390,402,401,419,398,405,403,401,403,403,413,3390,3390,3390,390,380,376,376,376,376,396,396,396,396,396,398,404,406,410,408,413,414,409,414,416,423,425,425,398,400,394,389,390,416,419,419,424,405,408,406,403,383,381,377,377,377,374,376,378,384,382,388,386,387,395,393,400,409,403,410,401,406,414,402,388,394,392,396,390,387,399,400,403,411,309,377,447,443,454,475,488,480,461,455,450,446,443,453,443,458,457,449,387,354,264,361,327,294,338,394,412,349,389,416,427,433,417,435,436,451,465,465,458,450,432,443,440,451,432,415,411,409,420,423,427,431,410,420,414,435,429,421,418,429,420,420,401,414,416,417,430,418,426,422,434,427,416,400,386,381,379,374,380,376,388,401,403,393,401,400,402,336,315,304,303,298,3390
GeForce RTX 2060,303,293,358,371,331,408,445,368,300,364,3390,3390,513,489,422,427,422,422,415,407,400,411,414,415,410,396,394,392,386,383,391,380,409,401,400,394,378,365,359,356,374,366,354,361,361,362,354,347,334,344,358,361,361,377,374,388,376,363,387,327,367,378,378,387,345,297,333,321,326,367,324,353,366,372,386,386,381,387,374,382,356,360,372,381,367,380,383,387,388,391,385,394,419,422,419,422,411,414,416,409,3390,3390,3390,3390,3390,404,394,390,392,408,408,405,407,402,401,403,413,412,407,373,352,347,355,355,378,374,369,375,375,377,373,376,3390,3390,3390,397,396,397,402,392,394,375,380,380,392,391,388,403,403,408,408,416,426,403,393,392,380,362,365,373,372,381,369,372,373,386,385,383,382,365,371,365,367,367,360,358,363,364,362,361,375,377,390,386,378,385,369,371,377,392,391,388,393,402,400,388,388,373,374,400,373,395,404,414,408,299,370,427,436,428,448,451,467,441,442,439,439,440,457,437,459,446,437,359,317,234,327,309,276,313,363,385,329,375,394,405,440,395,416,431,463,461,457,454,459,400,431,426,423,417,415,407,411,400,452,452,447,444,462,463,491,484,433,468,457,465,449,438,443,440,454,459,449,450,454,467,468,451,427,410,404,397,398,403,407,413,429,423,415,420,425,432,387,356,346,354,344,3390
GeForce RTX 2060 Super ,363,327,324,366,352,465,467,484,397,431,3390,3390,482,492,440,446,442,444,446,442,425,431,439,439,435,420,418,419,431,410,406,401,405,404,406,403,399,400,403,439,444,450,454,454,454,452,458,446,442,442,436,430,454,433,451,455,460,458,456,462,444,444,438,458,449,451,459,455,455,455,451,453,455,453,454,463,470,461,447,450,454,458,472,474,481,496,498,491,495,484,482,486,468,464,446,446,454,456,438,464,3390,3390,3390,3390,3390,423,431,432,390,464,468,444,447,441,442,442,444,457,462,468,473,468,465,461,420,402,434,432,430,432,432,432,3390,3390,3390,392,390,397,377,377,400,400,402,400,402,402,404,414,417,419,417,393,395,430,424,430,424,425,427,424,426,425,421,421,427,425,427,429,418,413,410,408,409,409,404,404,404,402,404,401,414,411,403,399,408,391,385,406,409,409,405,404,407,409,409,409,407,409,413,406,408,418,412,416,422,416,413,429,435,430,442,437,443,428,423,424,436,413,426,429,411,405,401,418,426,426,426,425,410,425,440,431,437,432,417,415,426,426,433,436,451,455,449,446,430,427,434,422,417,392,361,363,394,394,400,404,410,403,421,416,438,431,425,421,432,421,421,400,395,390,410,407,397,401,390,398,396,386,370,354,362,354,356,362,365,368,382,386,375,386,409,388,347,328,305,316,310,3390
GeForce RTX 2070,272,280,316,352,310,425,412,367,331,349,3390,3390,435,441,422,428,419,421,420,412,408,406,405,408,400,391,382,383,396,373,389,390,393,406,408,409,400,400,389,383,382,388,387,395,393,391,385,378,375,383,400,387,398,391,400,399,398,393,387,374,400,399,396,391,392,353,397,376,377,396,372,383,395,392,403,406,411,409,405,411,409,407,395,390,377,387,386,383,388,390,390,396,418,415,404,403,394,400,400,407,3390,3390,3390,3390,3390,400,413,418,402,409,408,408,414,407,407,409,409,413,419,418,393,394,398,395,419,406,408,405,403,404,397,398,3390,3390,636,395,389,405,404,407,408,396,401,399,399,396,401,407,406,411,407,403,413,413,397,390,390,394,394,392,384,395,391,390,396,395,395,398,394,403,399,396,386,382,390,382,390,389,390,388,405,406,398,387,393,407,402,423,431,429,425,414,415,415,431,428,429,424,427,423,422,431,409,439,445,286,343,428,438,456,450,446,441,432,445,441,434,434,426,441,418,424,419,373,326,245,343,312,285,328,393,413,349,391,418,429,420,407,423,428,441,447,446,441,433,418,428,429,426,415,407,406,407,401,409,409,412,430,434,429,466,438,432,420,447,434,421,405,403,397,414,411,404,408,413,413,424,388,396,359,359,358,355,373,381,390,404,407,394,405,388,394,353,337,311,314,312,3390
GeForce RTX 2070 Super ,303,292,333,354,319,482,455,392,382,354,3390,3390,453,463,439,445,442,443,445,442,429,434,443,441,435,428,417,420,441,417,413,413,414,429,428,427,423,423,419,416,407,403,400,398,397,395,401,394,386,385,410,392,414,395,415,423,434,421,408,411,430,429,420,415,418,419,427,423,426,412,422,424,429,430,440,445,450,441,435,439,441,444,428,424,434,448,447,434,438,436,457,452,453,434,420,421,412,415,415,423,3390,3390,3390,3390,3390,414,422,423,417,440,437,431,435,428,428,428,432,433,441,445,444,441,436,429,428,418,418,416,415,418,414,415,3390,3390,3390,400,403,408,411,410,411,396,404,405,404,401,403,409,413,415,413,420,411,415,412,400,398,400,401,400,402,402,395,395,401,403,405,403,395,405,406,408,385,387,396,389,396,398,398,400,409,409,403,393,402,415,407,429,430,415,413,411,404,415,431,434,426,425,416,402,401,414,411,420,420,443,451,439,432,445,456,440,438,430,435,439,437,433,443,448,434,429,427,418,419,421,423,421,438,437,438,433,436,434,431,431,436,435,439,444,458,463,455,446,444,442,441,445,440,429,414,415,421,422,427,428,432,438,443,438,475,447,434,429,455,443,447,420,407,409,420,412,415,418,434,447,432,391,407,374,371,365,379,386,379,396,398,412,389,397,394,399,360,365,340,344,321,3390
GeForce RTX 2080,424,431,419,389,375,458,466,437,296,321,3390,3390,569,556,482,493,486,495,497,485,482,479,489,482,485,477,463,468,478,459,467,460,476,481,479,471,462,421,412,417,484,437,442,494,448,486,518,507,505,472,465,465,485,478,435,442,423,440,450,401,453,439,444,475,422,354,421,414,413,461,382,402,419,461,413,435,428,446,419,420,420,438,434,451,464,490,492,484,487,484,488,500,504,510,502,502,469,493,487,497,3390,3390,3390,3390,3390,466,458,459,443,449,454,452,455,449,457,453,470,489,456,421,398,395,404,402,433,456,451,446,445,447,472,476,3390,3390,3390,426,449,464,441,458,431,412,425,431,442,446,441,429,418,418,464,458,461,457,451,422,434,383,378,391,392,396,396,398,414,427,424,426,424,401,417,435,448,447,440,439,431,428,437,442,447,452,489,492,479,470,468,471,473,487,450,458,470,459,418,417,408,382,398,430,400,412,428,464,472,400,482,494,497,498,531,510,506,504,509,497,498,487,498,495,492,491,477,360,315,236,326,305,275,316,374,387,334,372,389,423,448,405,466,460,492,500,491,494,487,402,465,493,474,478,470,447,452,453,488,486,467,465,457,492,531,500,434,508,465,544,469,506,466,514,526,524,520,496,504,521,514,512,505,481,482,488,507,498,502,505,527,533,519,535,537,539,492,472,448,443,441,3390
GeForce RTX 2080 Super ,367,401,440,507,401,614,579,516,452,447,3390,3390,652,651,607,615,610,575,547,539,527,532,546,546,543,531,529,534,550,602,590,590,598,598,596,613,605,605,602,601,597,539,538,538,538,549,556,542,537,553,540,518,555,523,555,609,606,610,610,616,617,586,591,588,613,621,630,627,627,551,549,542,545,544,550,563,571,576,574,579,584,587,583,595,604,622,654,609,615,612,609,604,607,601,582,582,568,568,569,565,3390,3390,3390,3390,3390,563,569,572,553,586,595,581,586,578,580,581,586,589,588,597,594,585,576,571,574,547,621,621,545,550,547,547,3390,3390,3390,500,506,515,477,521,505,505,498,500,501,510,512,517,519,522,531,538,539,557,541,531,528,541,541,541,541,541,542,542,556,562,565,562,548,541,542,542,541,542,535,535,534,534,538,547,557,558,606,604,615,628,581,578,578,576,568,566,574,579,576,579,558,566,565,561,561,578,570,572,592,598,613,618,612,472,649,631,621,612,612,605,602,597,608,595,577,562,560,570,566,559,559,562,574,565,591,576,589,658,579,561,571,572,578,584,603,609,606,603,594,587,581,578,572,544,524,526,526,528,528,536,544,548,546,541,572,563,555,549,563,549,548,522,511,511,529,523,504,511,506,520,517,499,497,500,474,464,549,559,567,575,593,582,567,580,500,590,533,502,476,475,458,3390
GeForce RTX 2080 Ti,372,382,363,406,415,534,577,482,372,448,3390,3390,420,477,463,464,458,472,470,466,462,461,464,462,465,457,454,458,463,439,444,444,451,454,446,437,433,427,429,433,452,441,456,448,450,453,474,458,449,445,401,425,400,433,395,400,419,417,404,369,418,409,412,425,408,341,405,395,401,415,375,390,406,436,420,412,410,434,414,428,430,441,433,445,466,477,481,473,483,480,476,486,476,463,452,449,441,440,442,442,3390,3390,3390,3390,3390,427,430,436,448,440,438,434,440,439,443,450,459,484,467,423,402,396,402,396,425,429,436,430,440,434,433,437,3390,3390,334,429,421,439,435,447,451,450,459,456,464,466,471,485,475,474,500,494,496,489,487,464,466,428,431,438,437,443,434,433,439,452,449,448,449,418,422,447,457,458,453,453,454,449,448,440,443,449,462,460,461,470,462,471,472,492,466,472,484,495,468,445,465,427,435,467,437,461,476,499,502,332,405,495,481,492,498,495,512,512,514,505,502,491,495,498,480,489,485,406,360,271,362,344,293,330,404,420,357,396,425,473,478,427,489,486,520,535,535,529,537,435,504,517,511,519,517,499,503,494,519,521,506,500,516,514,544,530,488,514,521,507,511,457,459,454,480,485,478,484,493,515,498,495,486,464,458,453,452,480,480,490,502,506,490,503,515,510,459,434,397,391,394,3390
GeForce RTX 3060,399,413,449,401,308,462,426,404,477,500,3390,3390,499,494,417,424,421,425,406,394,380,365,369,378,373,364,365,378,373,354,346,352,364,363,361,361,351,343,355,356,348,349,359,358,354,361,365,362,353,362,351,352,362,367,347,352,356,362,352,358,366,376,366,370,369,376,383,373,375,372,353,361,358,354,368,374,366,371,389,393,378,374,386,380,376,369,399,410,417,419,407,400,409,412,409,405,384,392,395,399,3390,3390,3390,3390,3390,431,433,436,424,434,441,440,453,451,451,454,456,454,467,468,474,465,466,473,478,462,462,477,467,456,466,470,3390,3390,3390,455,447,447,458,451,461,455,447,446,448,447,453,469,480,477,478,483,475,457,470,464,460,453,457,453,455,466,459,465,468,471,475,473,455,441,449,447,442,443,447,440,429,436,437,442,443,456,455,458,473,470,477,465,479,470,468,474,481,476,472,465,460,465,469,465,472,483,485,483,487,488,493,494,488,490,508,515,496,489,488,488,487,482,482,489,483,482,479,469,468,469,462,459,472,483,475,473,483,462,452,451,438,433,441,438,433,431,441,424,423,410,403,410,404,397,386,375,376,374,388,382,395,397,410,408,418,420,431,423,427,434,447,415,437,410,407,403,409,408,429,442,458,483,451,424,426,409,417,423,427,428,450,452,442,449,457,455,415,371,354,354,348,3390
GeForce RTX 3060 ,301,315,345,401,308,462,425,400,384,388,3390,3390,408,416,389,392,395,401,394,388,380,365,369,378,373,364,365,378,374,354,346,352,364,363,362,361,351,342,356,356,348,349,359,357,354,361,364,362,353,363,352,353,362,365,354,350,351,357,356,357,366,376,366,370,369,375,383,373,375,372,353,361,358,354,368,374,366,371,389,393,378,378,375,380,376,369,395,408,418,419,407,400,402,406,388,391,381,386,388,388,3390,3390,3390,3390,3390,412,418,414,399,409,415,409,415,408,407,407,409,411,418,422,424,420,411,407,414,397,395,398,388,389,378,378,3390,3390,3390,350,342,350,355,354,366,362,354,364,351,358,354,359,363,363,358,361,363,355,353,351,349,348,347,343,346,352,349,348,350,357,355,355,345,337,335,334,333,332,335,327,324,329,328,332,337,344,346,345,356,362,358,354,355,356,351,353,361,356,360,354,351,358,360,355,359,368,364,365,373,378,379,383,374,380,395,402,383,382,383,383,381,382,385,393,386,388,385,387,386,384,379,378,391,399,393,395,406,399,387,384,377,377,379,384,393,394,398,389,388,380,375,382,375,360,346,341,345,346,360,357,369,372,375,371,386,381,380,363,372,364,373,349,352,335,345,333,331,333,346,362,367,361,338,319,320,307,313,315,320,321,337,338,331,337,343,341,313,278,268,267,262,3390
GeForce RTX 3060 Ti,310,315,347,319,248,381,360,342,349,347,3390,3390,391,396,352,356,341,343,332,324,312,301,308,312,308,303,303,309,305,295,302,308,308,301,297,291,281,280,291,291,284,286,287,286,292,298,306,303,296,300,315,300,323,312,313,318,306,316,321,318,318,325,318,321,319,326,331,327,328,326,309,318,319,316,320,318,312,312,323,316,308,312,314,306,313,305,328,337,344,344,341,342,351,351,354,350,327,336,341,346,3390,3390,3390,3390,3390,347,350,351,347,353,360,358,367,368,367,366,370,365,371,374,364,360,368,369,386,373,370,381,378,373,377,378,3390,3390,555,373,375,380,382,384,382,375,379,378,378,374,379,383,386,388,386,390,390,393,388,389,388,381,382,389,390,391,383,387,394,396,397,392,384,379,386,384,383,382,378,379,379,378,379,380,385,387,381,381,397,404,404,406,398,400,396,394,400,400,395,399,401,388,399,415,393,413,412,416,422,420,427,447,433,451,462,448,446,442,440,437,424,420,430,440,431,419,415,377,334,253,344,318,283,324,376,400,339,377,401,414,414,405,419,420,415,420,413,405,402,390,385,382,382,374,375,372,365,363,360,373,365,371,383,379,395,400,400,403,411,408,417,405,400,402,410,411,399,404,401,411,405,392,378,366,363,356,357,366,368,371,383,385,375,385,393,399,362,347,331,330,325,3390
GeForce RTX 3070,302,305,350,310,250,373,342,330,340,339,3390,3390,401,413,364,367,360,355,352,345,332,320,321,327,322,315,315,315,304,302,305,307,312,312,309,300,293,294,311,311,302,302,303,303,308,317,319,318,312,317,328,315,335,338,327,330,322,323,338,340,340,349,345,347,343,344,348,347,353,352,334,335,337,333,335,332,328,330,343,341,336,340,342,338,334,324,356,361,367,364,360,362,367,366,373,370,348,343,348,364,3390,3390,3390,3390,3390,353,353,348,352,367,371,368,378,378,376,377,381,381,385,391,373,370,378,374,398,383,384,394,391,397,399,402,3390,3390,377,387,393,393,395,396,388,394,389,387,398,395,397,399,407,409,416,425,425,426,419,414,410,384,386,393,394,399,387,388,393,405,403,400,400,386,390,387,408,393,388,393,395,389,389,394,404,402,407,405,406,415,405,401,400,402,398,398,405,408,408,411,409,386,386,416,387,407,336,412,374,247,300,391,443,450,460,456,445,449,448,440,437,436,441,425,442,427,424,364,328,248,340,316,279,329,380,392,337,374,401,425,421,405,427,419,423,421,421,411,396,394,385,384,386,381,373,368,362,355,357,361,358,369,382,375,388,391,391,397,405,397,403,394,396,395,401,403,388,392,390,398,398,387,374,357,353,349,353,357,355,360,374,377,372,385,395,396,357,334,319,319,310,3390
GeForce RTX 3080,312,316,357,389,335,477,437,388,351,352,3390,3390,395,426,398,403,394,403,407,398,387,391,399,399,402,395,392,399,406,395,394,394,393,394,386,383,377,373,379,379,370,373,374,373,375,372,383,371,371,373,395,380,398,385,396,405,397,395,395,398,406,402,398,391,388,395,401,398,398,396,393,394,396,395,403,406,398,403,405,410,407,412,409,407,409,402,430,422,426,422,420,417,419,416,404,404,394,394,394,399,3390,3390,3390,3390,3390,397,402,399,397,403,405,402,403,396,395,395,402,400,403,413,411,406,401,400,395,383,383,382,380,382,384,383,3390,3390,131,402,411,413,416,417,418,414,411,415,422,417,425,418,426,431,429,425,429,433,432,442,433,432,432,434,443,441,417,422,419,425,421,423,413,400,400,399,405,402,392,395,395,391,392,393,404,402,400,399,403,419,422,416,432,434,426,422,432,432,434,438,438,435,434,429,435,449,403,438,446,292,357,452,453,452,465,465,461,456,449,446,435,441,449,451,457,446,434,425,427,423,425,424,432,435,437,428,421,412,413,414,410,408,417,408,413,412,413,400,394,393,384,380,383,374,363,359,350,349,350,354,359,365,377,375,389,393,394,402,404,399,414,394,395,392,396,404,398,392,396,402,411,428,437,457,411,416,406,405,403,404,416,428,432,440,506,540,506,422,416,417,409,3390
GeForce RTX 3080 Ti,3390,3390,3390,3390,3390,3390,3390,3390,3390,3390,3390,3390,3390,3390,3390,3390,3390,3390,3390,3390,3390,3390,3390,3390,3390,3390,3390,3390,3390,3390,3390,3390,3390,3390,3390,3390,3390,3390,3390,3390,3390,3390,3390,3390,3390,3390,3390,3390,3390,3390,3390,3390,3390,3390,3390,3390,3390,3390,3390,3390,3390,3390,3390,3390,3390,3390,3390,3390,3390,3390,3390,3390,3390,3390,3390,384,375,379,370,370,358,361,363,358,363,380,409,418,425,426,418,419,429,429,433,427,400,409,414,419,3390,3390,3390,3390,3390,428,429,432,436,450,457,454,467,466,465,467,472,474,478,479,457,447,454,454,485,469,469,482,480,477,497,502,3390,3390,236,544,591,581,596,588,575,575,573,580,581,592,579,565,557,542,609,586,600,583,602,563,570,505,512,520,527,534,519,525,520,536,532,525,530,497,515,556,567,575,600,600,598,549,579,575,592,606,589,582,590,600,600,601,578,564,539,543,549,546,507,505,507,475,478,514,476,510,517,548,556,538,585,623,590,611,620,584,576,592,585,570,556,552,552,562,561,567,548,452,414,314,426,391,349,402,446,448,418,446,441,443,447,440,446,450,467,469,464,463,458,457,451,446,443,429,405,410,417,407,407,423,428,435,435,424,448,441,439,431,444,437,438,420,410,403,417,418,413,417,418,433,429,416,399,393,378,371,372,369,366,368,378,393,391,402,408,408,369,350,337,338,336,3390
GeForce RTX 3090,360,367,410,473,381,540,526,453,403,415,3390,3390,471,485,457,463,459,462,464,460,449,453,457,461,456,450,446,452,455,440,441,443,446,445,445,439,427,424,441,441,442,442,439,437,444,450,456,444,440,440,460,447,466,446,464,475,459,461,458,465,469,467,464,456,453,456,464,459,459,458,454,456,459,457,465,466,456,460,468,472,466,476,471,472,473,464,502,497,501,500,496,492,495,497,482,482,471,468,469,476,3390,3390,3390,3390,3390,471,475,477,472,488,493,486,492,484,483,483,486,488,492,498,494,489,482,481,483,461,462,458,455,458,456,457,3390,3390,132,465,464,468,469,474,475,470,471,470,472,470,472,475,475,478,476,487,486,492,489,490,489,484,497,493,494,479,486,486,492,500,504,496,487,485,477,480,484,481,474,477,475,474,482,488,494,501,482,483,487,502,493,492,495,496,497,488,496,499,501,499,497,503,508,504,504,505,496,498,509,376,449,533,522,531,547,544,536,529,525,519,517,513,529,539,535,528,523,532,410,305,424,382,341,386,451,475,410,459,488,523,524,496,529,523,519,523,521,512,502,495,486,483,481,475,467,459,447,452,439,447,449,460,477,471,489,497,504,506,511,515,526,510,508,509,513,512,510,512,519,529,539,558,566,581,534,534,525,521,514,512,527,539,546,551,639,688,622,520,504,497,494,3390
Radeon R9 380 4GB,506,467,313,291,218,361,324,300,374,369,3390,3390,450,450,372,378,366,360,354,342,327,308,313,317,313,304,308,313,308,295,300,300,304,300,300,295,284,280,295,295,291,291,291,291,300,304,313,308,300,304,317,304,327,322,317,317,308,313,317,322,327,337,327,327,327,332,342,332,337,332,313,322,322,317,327,322,313,317,337,337,322,327,327,322,327,317,377,383,389,396,383,389,396,396,403,396,365,377,383,389,3390,3390,3390,3390,3390,400,386,403,414,429,437,422,454,430,430,454,454,448,448,473,457,448,439,457,457,439,439,457,448,448,457,457,3390,3390,3390,450,450,460,460,450,450,450,450,440,450,450,450,460,470,470,470,468,470,470,457,457,457,457,457,457,457,457,457,457,470,468,470,545,542,535,523,523,535,535,523,530,517,513,513,491,536,536,524,477,488,335,262,358,262,307,405,500,506,522,511,495,500,500,472,487,487,432,220,282,248,155,190,260,352,449,532,520,508,465,465,465,455,455,465,475,475,455,455,429,489,369,499,460,406,473,541,533,488,537,530,532,535,533,544,548,569,568,569,561,555,546,538,536,529,508,483,497,490,502,504,501,505,510,522,510,536,530,522,519,533,520,518,497,491,489,497,492,481,482,486,504,496,485,472,447,445,430,426,439,437,448,458,461,454,470,479,483,442,415,395,396,389,3390
Radeon R9 Fury,350,291,296,311,240,402,371,356,279,306,3390,3390,410,444,393,402,389,386,374,357,341,338,344,350,344,335,338,344,341,319,308,316,332,329,329,324,311,308,316,319,301,313,321,321,327,324,332,327,324,327,334,335,343,347,334,337,325,334,340,344,350,360,350,350,347,357,364,357,360,357,334,344,344,340,350,347,315,300,304,317,351,361,358,355,361,351,387,398,407,398,398,403,403,407,394,403,375,379,383,339,3390,3390,3390,3390,3390,365,368,372,348,361,358,345,336,345,348,351,358,358,342,351,348,351,348,336,336,325,327,330,327,327,325,327,3390,3390,3390,374,371,377,374,368,358,351,349,349,354,360,366,381,391,391,401,405,401,398,394,394,398,398,401,398,401,401,401,401,409,416,416,412,391,388,388,394,387,393,387,380,380,380,387,387,390,402,395,392,406,413,413,413,409,409,409,409,420,428,420,390,376,383,393,390,393,408,408,416,428,416,441,445,432,436,454,458,480,463,467,459,468,463,468,478,483,463,458,450,429,429,420,464,474,438,447,438,484,484,474,474,484,484,457,457,457,457,457,447,438,429,420,420,412,403,388,388,368,361,368,368,368,382,434,425,452,461,423,423,442,465,486,465,482,471,471,471,471,456,464,475,516,547,561,608,521,516,504,493,493,493,516,529,3390,556,700,775,657,516,493,471,476,3390
Radeon RX 470 4GB,315,294,272,233,177,245,230,279,299,380,3390,3390,406,402,343,350,343,337,334,323,309,295,300,304,300,293,293,300,295,228,232,232,235,226,225,221,215,214,222,224,220,220,218,217,225,231,235,233,228,231,232,231,260,248,231,233,225,229,233,245,267,274,268,266,266,270,336,331,333,331,310,317,320,317,325,320,312,317,308,303,293,295,298,292,290,283,308,314,320,322,314,319,328,328,331,325,303,311,314,319,3390,3390,3390,3390,3390,325,328,327,330,311,317,313,306,313,313,313,316,319,290,295,295,295,292,287,284,278,299,301,299,301,299,307,3390,3390,3390,273,261,263,262,257,252,254,254,254,256,255,260,267,277,271,281,281,287,294,284,291,362,292,295,362,295,366,369,295,372,303,377,300,354,273,270,297,302,282,279,276,277,276,279,280,282,285,281,278,276,292,285,283,276,277,279,279,283,289,286,281,270,273,279,279,281,290,222,277,247,160,194,266,315,318,333,333,325,325,323,320,323,323,323,331,335,329,325,315,454,450,450,395,403,411,424,415,420,420,415,415,424,415,424,429,464,470,470,475,443,443,411,379,403,403,412,408,388,400,407,411,415,420,422,409,446,451,451,450,483,479,503,460,461,478,514,509,482,488,483,550,568,562,554,517,503,479,497,524,503,517,562,562,562,570,615,625,587,546,524,524,517,3390
Radeon RX 480 8GB,232,231,252,292,265,348,312,310,261,256,3390,3390,321,332,312,316,314,312,305,296,290,294,300,300,298,292,290,292,301,285,282,292,300,300,300,298,293,280,280,282,285,282,284,285,285,284,288,279,277,279,299,286,301,289,299,301,300,297,295,299,300,309,305,296,295,296,301,299,300,299,296,298,300,298,303,310,315,307,311,307,314,309,304,306,319,327,332,325,334,334,331,322,325,319,308,308,300,307,306,309,3390,3390,3390,3390,3390,314,320,316,311,310,313,309,313,307,307,307,309,311,313,320,318,313,309,310,310,296,305,305,304,306,306,306,3390,3390,3390,281,283,286,296,285,286,285,286,287,289,283,284,286,282,290,289,290,292,291,293,289,289,289,291,289,291,289,287,287,295,296,297,296,285,285,278,291,291,292,287,282,281,282,283,286,293,281,278,274,281,305,263,288,248,283,283,283,298,287,286,287,285,289,292,292,292,300,200,247,221,145,175,228,316,356,369,335,329,323,324,320,319,318,323,326,315,316,309,307,312,304,307,310,317,812,332,325,329,321,321,317,318,311,318,314,317,307,312,302,295,282,286,290,287,281,273,270,283,288,310,310,313,320,329,329,344,344,347,345,357,353,361,349,322,318,318,322,322,322,329,333,341,358,358,377,336,336,316,297,294,294,302,312,312,321,377,407,371,312,297,291,286,3390
Radeon RX 5500 XT 8GB ,260,263,294,335,302,480,457,434,379,375,3390,3390,430,438,432,438,435,451,454,451,438,444,451,451,447,441,438,441,454,432,430,430,432,432,435,430,427,427,430,430,430,430,400,403,400,400,405,394,407,407,432,412,435,418,435,435,435,432,429,435,442,442,435,432,429,432,438,435,435,435,432,432,435,432,441,451,448,439,423,426,429,433,429,429,436,449,455,447,451,451,446,442,442,439,426,426,412,415,415,421,3390,3390,3390,3390,3390,429,435,438,432,445,452,445,448,441,441,441,444,448,452,459,455,452,455,452,452,433,430,430,427,430,430,426,3390,3390,3390,433,436,442,437,435,438,426,433,426,426,429,429,435,438,441,441,441,441,448,442,445,445,445,448,445,445,445,446,446,445,453,452,448,438,438,434,435,435,428,423,423,422,422,422,425,429,429,423,420,429,438,435,437,437,437,438,434,405,410,408,412,437,415,418,415,414,426,420,424,427,420,431,438,438,445,460,456,500,486,486,482,490,487,498,502,498,486,481,489,319,319,319,312,322,322,324,319,321,321,317,315,320,317,322,325,333,340,337,334,329,327,325,322,318,300,286,290,290,290,292,297,299,306,309,297,309,305,300,303,312,302,300,282,278,280,290,286,281,282,287,295,295,286,280,268,259,256,256,262,257,259,270,271,264,271,278,285,260,249,236,229,225,3390
Radeon RX 5600 XT,246,254,282,295,268,378,367,321,290,280,3390,3390,329,333,312,316,307,306,315,312,300,303,309,308,305,300,297,288,296,286,283,283,286,292,294,289,287,287,290,290,288,287,289,290,290,288,293,285,283,277,304,284,307,287,308,309,311,304,303,303,302,308,302,300,299,300,304,303,303,302,300,300,303,304,308,316,321,315,312,314,317,322,319,321,326,332,336,331,335,333,331,328,329,326,316,316,312,313,313,317,3390,3390,3390,3390,3390,325,328,328,318,324,328,320,320,322,321,322,323,326,328,332,331,315,309,311,312,304,300,308,309,305,310,311,3390,3390,345,300,303,308,310,308,315,316,316,314,316,314,315,318,321,324,324,328,329,340,336,338,336,335,337,336,336,336,336,336,340,343,344,344,335,336,334,311,331,332,307,326,309,308,310,311,317,318,318,318,324,331,326,324,324,320,319,317,322,325,323,322,321,324,327,325,325,334,330,331,336,337,335,340,333,340,352,349,349,341,341,338,335,333,331,334,332,326,325,327,493,486,486,490,463,488,488,484,482,483,479,475,485,482,489,493,509,525,518,513,505,464,460,451,496,474,447,447,442,445,448,455,458,462,469,462,488,480,472,469,480,469,469,448,442,442,458,448,435,434,432,445,442,432,424,404,405,397,400,408,408,410,428,429,420,429,438,444,398,377,356,356,345,3390
Radeon RX 5700,234,251,290,308,286,361,3390,314,266,268,3390,3390,326,350,314,319,316,318,322,315,311,316,325,323,317,312,311,312,322,298,295,294,300,300,304,301,299,303,306,307,324,307,309,315,312,323,330,322,333,307,328,313,339,317,333,326,325,322,313,311,329,315,313,315,312,312,312,309,308,307,305,305,308,308,313,323,331,325,321,326,328,327,321,321,322,338,344,337,336,340,341,340,337,328,316,318,314,315,312,312,3390,3390,3390,3390,3390,321,342,336,326,344,344,338,340,337,334,332,335,334,335,335,337,331,323,325,325,311,309,310,308,321,320,320,3390,3390,3390,309,306,308,308,311,312,306,306,306,305,309,311,313,317,317,316,320,321,326,314,320,315,320,320,317,319,322,317,316,318,322,325,324,314,310,307,305,307,304,302,301,298,300,301,302,308,309,305,306,308,312,309,310,311,307,308,306,311,313,310,317,314,314,316,317,317,324,305,319,325,226,271,336,331,336,345,349,345,335,343,336,330,328,334,337,335,326,328,323,323,310,324,331,336,337,334,331,331,331,328,327,331,331,337,340,351,354,350,348,343,341,339,335,331,316,304,305,302,304,306,309,312,317,320,319,335,331,325,320,328,320,320,307,301,301,311,308,300,312,312,326,313,305,290,281,276,274,274,278,279,281,292,292,285,292,299,301,271,258,251,247,244,3390
Radeon RX 5700 XT,242,256,290,336,294,367,3390,319,276,269,3390,3390,327,347,346,324,321,326,329,321,314,322,331,328,324,319,316,320,326,309,336,335,323,309,314,308,308,308,316,344,350,344,347,352,351,353,355,347,345,319,334,322,351,326,342,333,330,330,318,313,333,316,312,317,313,307,313,311,311,309,307,305,309,311,315,326,332,325,323,329,331,338,330,329,332,346,348,341,346,347,348,347,348,341,330,332,324,326,323,324,3390,3390,3390,3390,3390,333,337,340,334,350,352,341,343,342,341,338,339,340,339,339,340,336,329,335,337,317,316,316,313,317,317,317,3390,3390,3390,312,309,312,314,316,319,317,313,312,317,320,324,328,331,333,323,349,337,326,322,323,320,325,324,322,323,327,323,323,323,326,328,327,327,317,325,313,321,312,307,312,300,311,312,314,320,312,308,304,312,317,313,313,313,312,311,308,316,318,318,322,322,323,324,324,323,329,312,327,333,229,277,347,344,344,352,355,351,347,345,342,340,338,344,348,343,331,332,333,329,327,328,327,332,332,332,335,336,335,330,329,333,331,332,336,345,348,346,347,342,337,334,332,322,312,301,299,298,298,302,302,309,314,312,315,332,327,327,326,328,317,315,303,298,301,308,313,305,306,309,317,319,308,297,287,283,275,270,278,282,280,282,282,277,288,298,297,275,259,244,243,236,3390
Radeon RX 570 4GB,303,290,218,197,150,258,231,223,278,294,3390,3390,327,333,277,279,276,269,263,254,241,232,234,237,234,227,227,232,229,216,223,221,226,223,222,219,212,210,219,220,216,206,207,208,211,216,219,217,212,216,224,222,230,231,223,228,222,223,227,230,231,230,225,226,223,229,235,229,230,229,226,231,231,230,235,231,221,223,233,233,225,227,233,227,231,235,244,249,255,255,249,251,257,257,260,255,236,240,241,240,3390,3390,3390,3390,3390,253,253,256,258,269,280,274,284,284,281,284,286,288,292,295,293,285,281,286,287,281,281,286,281,282,279,282,3390,3390,3390,297,294,294,294,288,280,282,280,281,286,289,296,304,313,311,317,317,312,314,310,314,313,313,316,313,316,316,318,318,314,321,321,314,305,297,294,300,298,300,299,296,299,296,301,301,304,308,295,291,300,305,283,305,283,303,300,300,307,310,305,300,293,298,302,304,307,316,228,286,259,166,201,269,328,328,340,342,337,326,329,322,323,320,327,334,324,321,317,313,333,331,335,338,342,343,345,343,348,347,340,339,341,341,347,349,359,363,360,360,353,352,348,345,335,326,314,312,309,312,314,315,316,325,324,322,346,335,337,335,344,332,333,318,314,311,317,324,314,319,319,325,330,319,306,297,290,284,285,289,291,293,294,291,285,298,309,309,284,269,251,250,246,3390
Radeon RX 580 8GB,218,212,246,281,3390,339,330,290,261,257,3390,3390,316,321,309,315,312,314,312,310,306,303,309,311,307,298,299,306,318,294,291,299,291,297,297,294,291,290,292,292,287,286,292,299,297,295,298,290,286,290,304,291,304,286,305,301,298,298,296,298,298,305,293,290,290,290,298,295,295,293,288,290,290,294,299,306,317,311,306,311,303,305,302,304,308,323,327,323,321,322,325,321,312,307,299,302,291,284,291,294,3390,3390,3390,3390,3390,315,320,320,317,327,325,321,328,323,320,325,324,325,328,338,333,331,315,317,317,302,290,289,291,283,286,286,3390,3390,3390,294,292,301,300,315,314,311,313,311,313,313,316,312,322,312,322,325,313,323,315,315,310,313,313,315,314,313,317,315,324,322,324,321,318,315,313,304,315,320,309,319,319,309,316,320,324,319,311,309,317,317,284,314,285,313,336,318,309,293,321,317,320,324,328,326,326,336,237,294,264,175,209,264,339,351,356,363,345,350,346,344,341,336,344,351,347,341,337,336,318,295,304,308,312,311,315,315,312,306,306,305,305,301,306,303,303,305,308,304,295,287,285,282,282,274,267,269,266,264,264,275,277,281,290,288,307,310,309,311,321,318,329,326,329,314,311,309,300,298,317,330,308,355,345,387,348,351,342,362,338,335,345,353,357,364,425,454,418,346,328,322,319,3390
Radeon RX 6700 XT,263,269,381,369,326,534,502,385,329,332,3390,3390,407,485,399,405,401,409,402,398,388,401,407,407,404,397,396,400,412,392,387,387,391,391,392,387,385,382,417,385,384,384,387,387,387,385,391,381,377,377,406,384,408,392,411,412,437,433,431,406,443,443,437,410,406,399,416,413,413,411,408,410,413,411,417,452,459,424,468,474,476,436,431,434,439,451,455,448,476,474,468,464,440,424,411,409,402,404,404,410,3390,3390,3390,3390,3390,410,416,413,407,418,421,415,424,418,416,418,419,423,423,433,430,433,430,422,424,406,403,403,400,403,402,403,3390,3390,3390,365,376,380,380,372,371,365,366,365,371,371,363,369,375,388,385,392,398,393,396,396,393,390,390,388,389,391,384,387,390,396,400,392,394,389,382,378,382,381,375,378,380,380,374,379,385,391,375,370,381,390,389,387,391,390,381,379,381,388,382,381,384,384,384,377,382,387,385,385,394,394,413,412,407,417,433,436,414,410,413,411,419,419,425,424,424,416,423,416,339,330,340,329,331,338,359,352,333,334,341,304,308,309,318,334,341,345,342,342,338,347,328,327,326,292,278,287,288,289,287,294,299,321,322,326,363,350,336,335,344,335,308,301,286,287,297,302,294,297,302,319,301,285,278,272,292,284,258,267,264,263,290,292,289,288,291,290,258,250,238,236,250,3390
Radeon RX 6800,339,329,365,424,365,482,472,389,372,369,3390,3390,426,434,421,427,422,423,424,419,428,415,423,423,419,412,410,451,425,401,437,401,403,403,421,416,412,411,394,396,398,393,400,401,400,399,403,394,390,390,408,392,410,396,394,408,381,381,397,350,396,387,383,400,378,319,380,404,404,403,341,355,369,407,382,385,381,396,382,394,421,424,419,422,423,435,439,432,440,441,437,434,437,431,418,418,409,406,408,415,3390,3390,3390,3390,3390,421,427,426,420,435,440,434,440,434,433,434,436,439,429,389,371,363,369,369,393,404,408,409,409,413,412,412,3390,3390,215,376,378,389,387,385,386,382,385,381,386,384,388,392,386,385,397,399,405,405,398,399,399,361,364,371,368,373,363,368,373,378,379,382,381,362,371,386,388,388,386,383,380,380,382,391,406,401,397,391,407,416,409,404,404,404,399,402,399,404,384,382,381,354,358,387,365,384,396,410,416,406,427,439,434,440,459,450,447,436,442,438,435,431,446,447,450,440,439,352,374,281,387,357,316,361,419,423,373,416,419,415,423,413,356,418,430,434,447,438,442,427,435,420,434,404,396,410,392,404,401,407,408,412,415,412,427,419,413,402,414,402,412,384,391,382,387,390,376,384,376,381,380,374,351,337,323,319,328,336,331,336,344,345,336,353,357,363,325,285,297,297,289,3390
Radeon RX 6800 XT,335,335,371,404,357,496,457,427,365,362,3390,3390,447,459,449,455,446,448,450,445,436,440,449,449,445,437,474,477,492,468,458,423,426,426,426,422,416,414,415,418,420,414,425,426,425,424,428,419,414,414,436,422,438,426,421,436,406,406,423,372,422,410,402,421,397,336,396,419,419,417,353,367,382,424,397,400,395,408,393,405,433,435,430,434,442,454,458,456,467,467,463,461,463,458,444,444,434,427,425,434,3390,3390,3390,3390,3390,437,443,446,440,453,458,451,460,454,452,454,456,459,449,404,386,378,385,385,410,423,430,430,428,430,429,429,3390,3390,163,417,420,424,423,423,425,421,424,423,421,422,429,432,429,427,437,443,443,446,441,435,443,400,400,408,404,409,399,404,407,417,417,417,418,395,405,428,427,428,418,419,422,422,423,426,436,437,422,417,426,435,427,425,427,427,424,421,427,430,412,406,409,378,379,409,385,407,419,440,445,429,455,462,458,467,484,474,471,464,471,465,463,459,464,468,465,455,456,373,315,243,331,307,278,315,355,370,321,358,382,427,427,389,446,429,466,478,473,465,458,394,444,448,435,415,403,400,400,403,403,404,408,417,428,428,442,434,409,419,432,419,421,406,402,396,407,401,392,407,404,415,413,401,384,359,364,363,363,367,366,371,384,385,373,382,387,397,358,339,325,323,320,3390
Radeon RX 6900 XT ,367,387,420,481,439,675,666,650,510,506,3390,3390,618,636,600,608,603,605,608,601,587,589,600,600,595,584,581,585,603,575,570,606,611,611,614,608,603,602,606,608,610,608,613,614,613,611,666,650,644,644,779,655,783,662,781,785,783,777,774,783,704,704,694,690,774,675,686,683,683,783,777,779,783,781,794,809,752,737,731,737,705,711,660,666,673,691,667,657,661,736,730,723,727,719,694,694,719,721,721,731,3390,3390,3390,3390,3390,697,707,711,701,731,740,729,736,725,723,725,729,703,707,778,712,704,698,692,692,663,660,660,656,660,658,658,3390,3390,253,553,551,558,557,558,561,560,558,558,558,561,563,585,590,593,592,600,600,605,598,602,598,601,603,603,604,604,594,579,593,574,600,599,564,602,599,594,586,597,573,575,559,572,574,577,572,572,564,561,568,577,570,566,555,589,558,553,559,554,554,556,549,557,561,560,557,570,564,567,577,582,595,602,599,610,630,625,651,632,641,598,595,590,608,613,595,584,582,581,333,255,351,327,293,337,391,415,350,395,415,466,462,420,480,467,501,508,507,506,498,423,477,487,480,456,437,430,430,433,437,443,447,452,458,454,479,471,446,458,459,455,456,434,432,431,454,442,430,442,441,454,451,440,420,401,397,391,392,399,400,402,416,418,406,418,424,431,388,369,353,357,348,3390
Radeon RX Vega 56,240,238,228,192,150,240,219,210,277,270,3390,3390,267,269,233,234,228,227,225,217,208,202,204,207,204,203,203,204,191,184,187,186,199,199,196,198,193,191,199,198,196,196,195,197,197,203,203,202,200,203,202,203,210,210,204,203,199,203,206,206,210,217,213,210,211,213,217,213,214,211,202,203,211,208,213,208,203,205,215,207,205,204,205,204,202,198,213,229,233,233,229,230,233,233,238,234,217,223,226,228,3390,3390,3390,3390,3390,228,233,234,237,241,245,242,250,250,262,266,269,270,259,277,277,271,266,259,261,265,243,249,248,256,255,257,3390,3390,378,281,280,286,288,287,287,285,300,294,296,294,294,296,293,288,286,291,291,292,287,289,289,289,290,289,290,289,287,286,299,300,300,301,298,297,296,290,290,290,286,286,285,284,285,286,288,289,287,287,296,298,293,293,291,291,275,275,279,279,278,278,277,275,275,271,276,282,250,285,288,186,225,283,293,295,283,278,273,271,270,266,263,254,250,252,257,253,250,257,584,594,597,611,625,605,608,603,603,603,596,594,599,598,604,631,629,634,628,625,618,609,610,607,595,581,555,548,547,547,553,562,569,586,591,585,613,601,592,587,603,589,590,560,557,550,575,558,538,550,552,572,561,544,528,500,493,485,484,497,495,505,518,521,508,521,537,536,492,451,430,442,426,3390
Radeon RX Vega 64,237,230,226,185,148,221,204,184,258,263,3390,3390,335,264,227,230,225,222,219,214,205,197,199,200,197,194,195,200,197,191,193,192,195,193,191,190,183,182,190,192,190,189,191,190,193,196,199,197,193,195,202,195,208,206,202,208,200,203,206,208,213,218,213,212,209,213,217,214,215,214,203,207,208,209,214,213,206,207,214,214,208,209,210,208,211,206,223,228,232,233,228,229,234,235,237,233,218,224,226,228,3390,3390,3390,3390,3390,237,236,240,242,259,259,259,265,265,265,265,269,269,272,282,283,276,279,285,287,277,277,285,283,282,291,293,3390,3390,3390,271,271,277,291,290,289,288,298,292,293,293,293,295,294,289,287,291,274,275,271,273,273,273,274,273,274,273,274,273,285,286,286,287,285,284,283,275,271,271,267,267,267,265,265,269,270,256,254,259,247,249,245,249,247,248,243,242,244,243,266,264,263,264,262,262,273,279,235,283,262,170,203,266,278,277,279,276,270,260,259,258,254,249,253,252,251,246,243,253,266,268,258,255,263,257,264,260,258,258,246,245,245,242,248,243,244,243,245,246,235,233,230,228,228,220,215,215,222,221,216,223,217,220,238,228,246,248,249,251,256,254,247,251,255,242,243,248,253,253,266,272,279,286,293,291,275,284,267,255,259,259,261,267,275,273,316,331,297,247,252,239,310,3390
Radeon VII,450,449,484,481,382,539,412,467,478,474,3390,3390,511,518,480,485,477,472,403,393,377,365,438,444,438,431,431,440,434,416,421,420,427,423,411,391,379,387,402,402,398,398,398,381,387,395,394,392,383,389,401,391,412,406,402,404,411,416,420,423,428,419,410,435,433,442,449,442,445,443,420,458,386,390,397,395,386,350,356,365,354,357,364,359,364,356,382,386,392,394,238,239,178,178,179,176,166,169,171,174,3390,3390,3390,3390,3390,402,404,406,408,420,428,426,437,437,447,505,511,513,500,506,507,504,495,575,579,555,552,466,463,465,464,465,3390,3390,3390,409,411,420,418,418,419,420,418,416,417,418,418,423,426,428,427,433,421,425,420,422,421,422,423,422,422,422,418,418,415,418,420,418,410,408,406,402,403,404,398,398,398,398,399,401,415,415,412,432,410,419,415,413,412,412,412,410,446,450,448,450,446,451,456,454,454,465,459,429,436,319,380,452,448,458,471,467,494,488,488,391,388,385,393,396,393,386,384,429,255,257,255,256,260,260,261,255,255,248,248,247,247,244,250,247,248,247,248,243,215,234,232,231,222,214,209,216,204,203,204,205,196,198,206,204,212,214,204,206,245,243,216,240,247,242,242,244,243,243,246,250,256,267,273,285,258,259,254,243,240,243,251,261,264,274,317,339,305,261,253,248,246,3390
